user_id,total_purchase_value_inApp,total_purchases_inApp,first_purchase_date_inApp,last_purchase_date_inApp,number_of_purchase_days_inApp,preferred_product_inApp,average_purchase_value_inApp
272143,4.99,1,2024-03-01,2024-03-01,1,Gold,4.99
272161,9.99,1,2024-04-15,2024-04-15,1,Gold,9.99
272164,129.94,6,2024-04-15,2024-05-01,4,Gold,21.66
272189,89.86,14,2024-03-06,2024-04-21,10,Promotion,6.42
272192,9.98,2,2024-04-14,2024-04-14,1,Promotion,4.99
272206,4.99,1,2024-03-22,2024-03-22,1,Promotion,4.99
272219,9.98,2,2024-03-06,2024-03-07,2,Gold,4.99
272243,9.98,2,2024-03-15,2024-03-24,2,Promotion,4.99
272270,19.96,4,2024-04-15,2024-04-17,2,Gold,4.99
272271,14.97,3,2024-04-14,2024-04-15,2,Gold,4.99
272281,4.99,1,2024-03-19,2024-03-19,1,Promotion,4.99
272297,9.98,2,2024-03-15,2024-03-15,1,Gold,4.99
272333,4.99,1,2024-04-09,2024-04-09,1,Gold,4.99
272394,14.97,3,2024-04-15,2024-04-26,3,Remove Ads,4.99
272405,29.94,6,2024-03-31,2024-05-01,6,Remove Ads,4.99
272413,4.99,1,2024-03-14,2024-03-14,1,Promotion,4.99
272448,4.99,1,2024-04-21,2024-04-21,1,Promotion,4.99
272505,19.97,3,2024-04-22,2024-04-29,3,Promotion,6.66
272523,4.99,1,2024-03-29,2024-03-29,1,Promotion,4.99
272547,4.99,1,2024-03-12,2024-03-12,1,Promotion,4.99
272600,4.99,1,2024-03-27,2024-03-27,1,Gold,4.99
272609,4.99,1,2024-04-19,2024-04-19,1,Promotion,4.99
272628,4.99,1,2024-03-10,2024-03-10,1,Promotion,4.99
272742,4.99,1,2024-04-01,2024-04-01,1,Gold,4.99
272746,24.96,4,2024-03-29,2024-04-03,3,Promotion,6.24
272749,4.99,1,2024-04-14,2024-04-14,1,Promotion,4.99
272776,39.94,6,2024-03-24,2024-04-28,4,Promotion,6.66
272829,4.99,1,2024-04-12,2024-04-12,1,Remove Ads,4.99
272901,4.99,1,2024-03-07,2024-03-07,1,Gold,4.99
272920,49.98,2,2024-04-15,2024-04-16,2,Gold,24.99
272951,4.99,1,2024-03-28,2024-03-28,1,Promotion,4.99
272963,4.99,1,2024-04-05,2024-04-05,1,Promotion,4.99
273137,0.0,1,2024-04-02,2024-04-02,1,Remove Ads,0.0
273281,14.97,3,2024-04-15,2024-04-20,2,Promotion,4.99
273299,14.97,3,2024-03-11,2024-03-19,3,Gold,4.99
273379,14.97,3,2024-04-05,2024-04-20,3,Promotion,4.99
273481,9.98,2,2024-03-03,2024-03-13,2,Gold,4.99
273557,14.97,3,2024-05-01,2024-05-01,1,Gold,4.99
273578,4.99,1,2024-03-04,2024-03-04,1,Gold,4.99
273601,34.96,4,2024-03-13,2024-03-17,2,Gold,8.74
273642,4.99,1,2024-03-03,2024-03-03,1,Promotion,4.99
273679,14.97,3,2024-03-22,2024-04-29,3,Remove Ads,4.99
273710,54.900000000000006,10,2024-03-11,2024-04-08,7,Promotion,5.49
273762,4.99,1,2024-04-03,2024-04-03,1,Gold,4.99
273818,4.99,1,2024-04-04,2024-04-04,1,Promotion,4.99
273898,54.94,6,2024-03-11,2024-04-06,4,Promotion,9.16
273939,24.950000000000003,6,2024-04-14,2024-04-28,5,Promotion,4.16
273985,9.98,2,2024-03-09,2024-03-24,2,Gold,4.99
273998,9.98,2,2024-03-15,2024-03-17,2,Gold,4.99
274012,4.99,1,2024-03-13,2024-03-13,1,Promotion,4.99
274062,69.9,10,2024-03-21,2024-04-02,7,Promotion,6.99
274099,14.98,2,2024-04-05,2024-04-27,2,Gold,7.49
274107,9.98,2,2024-04-19,2024-04-19,1,Gold,4.99
274143,24.950000000000003,5,2024-03-02,2024-04-19,5,Promotion,4.99
274172,19.96,4,2024-03-05,2024-03-25,3,Promotion,4.99
274174,9.98,2,2024-04-19,2024-04-28,2,Remove Ads,4.99
274177,4.99,1,2024-04-30,2024-04-30,1,Remove Ads,4.99
274212,4.99,1,2024-03-15,2024-03-15,1,Gold,4.99
274301,9.98,2,2024-04-08,2024-04-30,2,Gold,4.99
274308,4.99,1,2024-04-07,2024-04-07,1,Promotion,4.99
274316,9.98,2,2024-03-06,2024-03-07,2,Promotion,4.99
274416,4.99,1,2024-04-06,2024-04-06,1,Gold,4.99
274433,9.98,2,2024-04-16,2024-04-23,2,Promotion,4.99
274469,189.71,29,2024-03-02,2024-04-30,19,Promotion,6.54
274513,14.98,2,2024-03-02,2024-03-02,1,Gold,7.49
274591,4.99,1,2024-04-23,2024-04-23,1,Promotion,4.99
274596,24.950000000000003,5,2024-04-03,2024-04-30,5,Gold,4.99
274677,4.99,1,2024-03-30,2024-03-30,1,Remove Ads,4.99
274690,14.98,2,2024-04-01,2024-04-01,1,Gold,7.49
274703,9.98,2,2024-03-18,2024-03-22,2,Promotion,4.99
274709,4.99,1,2024-04-29,2024-04-29,1,Gold,4.99
274723,4.99,1,2024-03-22,2024-03-22,1,Promotion,4.99
274746,19.96,4,2024-03-26,2024-04-16,4,Remove Ads,4.99
274766,24.950000000000003,5,2024-03-19,2024-04-10,4,Promotion,4.99
274789,4.99,1,2024-03-24,2024-03-24,1,Promotion,4.99
274791,29.94,6,2024-03-25,2024-04-25,5,Gold,4.99
274793,9.98,2,2024-03-04,2024-03-04,1,Gold,4.99
274807,4.99,1,2024-03-12,2024-03-12,1,Gold,4.99
274827,24.950000000000003,6,2024-03-15,2024-03-19,5,Promotion,4.16
274832,9.98,2,2024-04-15,2024-04-22,2,Remove Ads,4.99
274834,64.87,13,2024-04-19,2024-04-30,7,Gold,4.99
274965,4.99,1,2024-04-27,2024-04-27,1,Gold,4.99
274995,4.99,1,2024-04-20,2024-04-20,1,Promotion,4.99
275080,4.99,1,2024-05-01,2024-05-01,1,Promotion,4.99
275081,29.96,4,2024-04-18,2024-04-28,4,Gold,7.49
275127,14.98,2,2024-03-15,2024-03-16,2,Promotion,7.49
275140,4.99,1,2024-03-17,2024-03-17,1,Remove Ads,4.99
275257,14.97,3,2024-04-07,2024-04-14,2,Gold,4.99
275278,4.99,1,2024-04-03,2024-04-03,1,Promotion,4.99
275317,9.98,2,2024-03-05,2024-03-05,1,Gold,4.99
275347,24.950000000000003,5,2024-04-01,2024-04-08,4,Promotion,4.99
275348,39.97,3,2024-03-03,2024-03-13,3,Remove Ads,13.32
275368,4.99,1,2024-03-12,2024-03-12,1,Promotion,4.99
275371,4.99,1,2024-04-19,2024-04-19,1,Gold,4.99
275379,64.87,13,2024-03-01,2024-04-30,13,Remove Ads,4.99
275510,4.99,1,2024-04-18,2024-04-18,1,Promotion,4.99
275607,14.97,3,2024-03-09,2024-03-23,2,Gold,4.99
275614,79.84,16,2024-04-04,2024-04-30,9,Gold,4.99
275670,4.99,1,2024-03-26,2024-03-26,1,Promotion,4.99
275687,19.98,2,2024-03-24,2024-03-24,1,Gold,9.99
275719,9.98,2,2024-04-02,2024-04-07,2,Promotion,4.99
275721,9.98,2,2024-03-15,2024-03-16,2,Promotion,4.99
275753,109.82000000000001,18,2024-03-11,2024-04-10,12,Promotion,6.1
275770,4.99,1,2024-03-22,2024-03-22,1,Gold,4.99
275773,94.81,19,2024-03-07,2024-03-21,8,Gold,4.99
275806,4.99,1,2024-03-30,2024-03-30,1,Promotion,4.99
275815,9.99,1,2024-03-14,2024-03-14,1,Gold,9.99
275848,4.99,1,2024-04-14,2024-04-14,1,Gold,4.99
275927,114.77000000000001,23,2024-03-12,2024-04-27,18,Gold,4.99
275933,4.99,1,2024-03-02,2024-03-02,1,Promotion,4.99
275966,4.99,1,2024-04-09,2024-04-09,1,Promotion,4.99
275976,29.950000000000003,5,2024-03-11,2024-03-17,2,Promotion,5.99
275994,9.98,2,2024-03-05,2024-03-05,1,Gold,4.99
276006,4.99,1,2024-04-21,2024-04-21,1,Remove Ads,4.99
276042,9.98,2,2024-03-09,2024-03-28,2,Promotion,4.99
276048,4.99,1,2024-04-02,2024-04-02,1,Gold,4.99
276059,4.99,1,2024-03-27,2024-03-27,1,Promotion,4.99
276076,14.97,3,2024-04-24,2024-04-25,2,Promotion,4.99
276212,4.99,1,2024-04-24,2024-04-24,1,Remove Ads,4.99
276227,9.98,2,2024-03-26,2024-03-26,1,Gold,4.99
276232,14.97,3,2024-03-14,2024-03-14,1,Gold,4.99
276273,4.99,1,2024-03-12,2024-03-12,1,Gold,4.99
276283,4.99,1,2024-03-21,2024-03-21,1,Gold,4.99
276285,9.98,2,2024-03-04,2024-03-04,1,Promotion,4.99
276293,199.63,37,2024-03-23,2024-04-30,11,Gold,5.4
276409,39.93,7,2024-04-21,2024-04-30,5,Gold,5.7
276414,4.99,1,2024-03-15,2024-03-15,1,Promotion,4.99
276442,34.93,7,2024-03-01,2024-04-10,6,Remove Ads,4.99
276458,19.96,4,2024-04-20,2024-05-01,4,Gold,4.99
276491,19.96,4,2024-04-13,2024-04-22,3,Gold,4.99
276521,9.98,2,2024-03-21,2024-03-22,2,Gold,4.99
276546,14.97,3,2024-03-11,2024-03-14,2,Gold,4.99
276551,9.98,2,2024-04-14,2024-04-16,2,Gold,4.99
276692,9.98,2,2024-04-16,2024-04-20,2,Promotion,4.99
276734,4.99,1,2024-03-29,2024-03-29,1,Promotion,4.99
276776,4.99,1,2024-04-04,2024-04-04,1,Promotion,4.99
276785,4.99,1,2024-03-20,2024-03-20,1,Gold,4.99
276789,4.99,1,2024-04-27,2024-04-27,1,Promotion,4.99
276842,9.98,2,2024-04-12,2024-04-14,2,Gold,4.99
276874,9.98,2,2024-04-18,2024-04-20,2,Promotion,4.99
277101,9.98,2,2024-04-09,2024-04-16,2,Remove Ads,4.99
277119,4.99,1,2024-03-10,2024-03-10,1,Gold,4.99
277129,9.98,2,2024-03-18,2024-03-18,1,Gold,4.99
277131,4.99,1,2024-04-20,2024-04-20,1,Promotion,4.99
277161,4.99,1,2024-04-21,2024-04-21,1,Remove Ads,4.99
277244,4.99,1,2024-04-07,2024-04-07,1,Promotion,4.99
277252,9.98,2,2024-03-28,2024-03-28,1,Promotion,4.99
277263,34.93,7,2024-03-26,2024-04-30,7,Remove Ads,4.99
277365,4.99,1,2024-04-11,2024-04-11,1,Gold,4.99
277380,19.96,4,2024-03-07,2024-03-14,3,Gold,4.99
277396,54.900000000000006,10,2024-03-02,2024-03-17,4,Promotion,5.49
277398,29.94,6,2024-03-02,2024-03-04,3,Gold,4.99
277425,29.94,6,2024-04-11,2024-04-30,6,Promotion,4.99
277435,4.99,1,2024-04-02,2024-04-02,1,Promotion,4.99
277453,84.87,13,2024-04-18,2024-04-30,6,Gold,6.53
277525,49.910000000000004,9,2024-03-08,2024-04-09,6,Gold,5.55
277530,9.98,2,2024-04-13,2024-04-13,1,Gold,4.99
277585,4.99,1,2024-03-04,2024-03-04,1,Promotion,4.99
277636,4.99,1,2024-03-18,2024-03-18,1,Promotion,4.99
277658,9.98,2,2024-03-19,2024-04-20,2,Gold,4.99
277659,4.99,1,2024-03-26,2024-03-26,1,Promotion,4.99
277661,19.96,4,2024-03-31,2024-04-11,4,Promotion,4.99
277671,4.99,1,2024-03-08,2024-03-08,1,Promotion,4.99
277700,9.98,2,2024-04-24,2024-04-24,1,Gold,4.99
277701,59.92,8,2024-03-26,2024-04-18,7,Promotion,7.49
277715,4.99,1,2024-04-17,2024-04-17,1,Promotion,4.99
277800,29.950000000000003,5,2024-03-02,2024-04-28,4,Gold,5.99
277867,79.91,9,2024-04-10,2024-04-23,4,Promotion,8.88
277873,124.80000000000001,20,2024-03-02,2024-04-07,12,Promotion,6.24
277875,19.96,4,2024-03-15,2024-03-18,3,Promotion,4.99
277965,4.99,1,2024-04-15,2024-04-15,1,Promotion,4.99
277969,4.99,1,2024-03-06,2024-03-06,1,Promotion,4.99
277973,4.99,1,2024-04-09,2024-04-09,1,Promotion,4.99
277991,64.93,7,2024-04-23,2024-04-30,5,Promotion,9.28
278060,24.950000000000003,5,2024-03-01,2024-05-01,5,Remove Ads,4.99
278091,79.85000000000001,15,2024-03-04,2024-03-24,8,Gold,5.32
278110,9.98,2,2024-03-08,2024-03-10,2,Gold,4.99
278294,44.910000000000004,9,2024-03-07,2024-04-26,9,Remove Ads,4.99
278300,4.99,1,2024-04-12,2024-04-12,1,Promotion,4.99
278345,4.99,1,2024-04-09,2024-04-09,1,Gold,4.99
278351,24.950000000000003,5,2024-04-15,2024-04-19,2,Gold,4.99
278376,14.97,3,2024-03-22,2024-04-11,3,Gold,4.99
278390,9.98,2,2024-03-25,2024-04-01,2,Gold,4.99
278422,4.99,1,2024-03-05,2024-03-05,1,Promotion,4.99
278476,9.98,2,2024-04-02,2024-04-23,2,Promotion,4.99
278491,4.99,1,2024-03-27,2024-03-27,1,Promotion,4.99
278501,19.96,4,2024-03-30,2024-04-06,2,Gold,4.99
278513,9.99,1,2024-04-18,2024-04-18,1,Gold,9.99
278514,9.98,2,2024-03-21,2024-04-30,2,Gold,4.99
278541,4.99,1,2024-04-09,2024-04-09,1,Gold,4.99
278610,4.99,1,2024-03-24,2024-03-24,1,Promotion,4.99
278641,9.99,1,2024-04-11,2024-04-11,1,Gold,9.99
278736,9.98,2,2024-03-23,2024-04-07,2,Gold,4.99
278753,4.99,1,2024-03-09,2024-03-09,1,Promotion,4.99
278770,4.99,1,2024-03-29,2024-03-29,1,Gold,4.99
278774,34.93,7,2024-03-13,2024-04-30,7,Promotion,4.99
278790,14.97,3,2024-04-14,2024-04-27,3,Promotion,4.99
278803,4.99,1,2024-03-08,2024-03-08,1,Promotion,4.99
278821,4.99,1,2024-04-23,2024-04-23,1,Promotion,4.99
278879,9.98,2,2024-04-17,2024-04-18,2,Promotion,4.99
278895,9.98,2,2024-03-06,2024-03-10,2,Gold,4.99
278907,4.99,1,2024-03-19,2024-03-19,1,Gold,4.99
278922,9.98,5,2024-04-12,2024-04-25,4,Remove Ads,2.0
278932,4.99,1,2024-04-07,2024-04-07,1,Promotion,4.99
278937,39.92,8,2024-03-21,2024-04-21,4,Gold,4.99
278964,9.98,2,2024-03-08,2024-03-09,2,Gold,4.99
279062,19.96,4,2024-03-05,2024-03-23,4,Gold,4.99
279111,9.98,2,2024-03-21,2024-04-19,2,Promotion,4.99
279115,4.99,1,2024-04-13,2024-04-13,1,Promotion,4.99
279156,4.99,1,2024-03-24,2024-03-24,1,Promotion,4.99
279173,14.97,3,2024-03-06,2024-03-20,3,Remove Ads,4.99
279175,4.99,1,2024-03-30,2024-03-30,1,Gold,4.99
279199,1240.72,128,2024-03-01,2024-04-28,30,Gold,9.69
279248,4.99,1,2024-04-08,2024-04-08,1,Promotion,4.99
279253,4.99,1,2024-04-19,2024-04-19,1,Promotion,4.99
279309,9.98,2,2024-04-21,2024-04-21,1,Gold,4.99
279328,309.67,33,2024-04-07,2024-04-30,18,Promotion,9.38
279373,4.99,1,2024-04-16,2024-04-16,1,Promotion,4.99
279374,39.96,4,2024-04-03,2024-04-03,1,Gold,9.99
279418,14.97,3,2024-03-24,2024-03-27,3,Promotion,4.99
279432,4.99,1,2024-03-01,2024-03-01,1,Promotion,4.99
279443,54.89,11,2024-03-21,2024-04-29,11,Promotion,4.99
279467,4.99,1,2024-03-18,2024-03-18,1,Promotion,4.99
279470,9.98,2,2024-03-01,2024-04-30,2,Promotion,4.99
279523,4.99,1,2024-04-06,2024-04-06,1,Promotion,4.99
279533,9.99,1,2024-03-09,2024-03-09,1,Promotion,9.99
279550,19.96,4,2024-03-26,2024-04-09,4,Promotion,4.99
279558,49.900000000000006,10,2024-03-17,2024-04-29,10,Remove Ads,4.99
279568,9.98,2,2024-03-01,2024-03-02,2,Gold,4.99
279577,9.98,2,2024-03-08,2024-04-10,2,Gold,4.99
279670,19.98,2,2024-03-14,2024-04-26,2,Promotion,9.99
279693,9.98,2,2024-03-29,2024-03-31,2,Promotion,4.99
279714,9.98,2,2024-03-09,2024-03-23,2,Promotion,4.99
279745,24.950000000000003,5,2024-03-01,2024-04-09,5,Promotion,4.99
279753,9.98,2,2024-04-10,2024-04-16,2,Promotion,4.99
279764,14.97,3,2024-04-09,2024-04-15,3,Promotion,4.99
279809,4.99,1,2024-03-06,2024-03-06,1,Promotion,4.99
279846,19.97,3,2024-04-21,2024-04-24,3,Promotion,6.66
279889,9.98,2,2024-04-10,2024-04-12,2,Gold,4.99
279902,4.99,1,2024-03-21,2024-03-21,1,Promotion,4.99
280009,4.99,1,2024-03-29,2024-03-29,1,Promotion,4.99
280034,9.98,2,2024-03-31,2024-03-31,1,Gold,4.99
280234,9.98,2,2024-04-07,2024-04-14,2,Remove Ads,4.99
280290,14.97,3,2024-03-10,2024-03-24,2,Gold,4.99
280294,9.98,2,2024-04-03,2024-04-10,2,Remove Ads,4.99
280314,4.99,1,2024-04-05,2024-04-05,1,Promotion,4.99
280323,44.92,8,2024-03-16,2024-04-17,4,Gold,5.62
280354,14.97,3,2024-03-25,2024-03-31,3,Promotion,4.99
280444,14.97,3,2024-04-12,2024-04-23,3,Promotion,4.99
280476,4.99,1,2024-04-22,2024-04-22,1,Promotion,4.99
280490,9.98,2,2024-03-05,2024-03-11,2,Promotion,4.99
280499,4.99,1,2024-03-09,2024-03-09,1,Promotion,4.99
280506,29.94,6,2024-03-06,2024-03-07,2,Gold,4.99
280522,4.99,1,2024-03-10,2024-03-10,1,Gold,4.99
280523,14.97,3,2024-04-23,2024-04-28,2,Gold,4.99
280588,54.910000000000004,10,2024-04-06,2024-04-16,5,Promotion,5.49
280603,9.98,2,2024-03-20,2024-03-22,2,Gold,4.99
280604,9.98,2,2024-03-23,2024-03-23,1,Promotion,4.99
280612,19.96,4,2024-03-06,2024-03-09,2,Gold,4.99
280620,9.98,2,2024-03-08,2024-03-09,2,Promotion,4.99
280694,24.950000000000003,5,2024-03-30,2024-04-04,3,Promotion,4.99
280781,9.98,2,2024-03-08,2024-03-11,2,Gold,4.99
280804,249.81,19,2024-03-15,2024-04-25,12,Gold,13.15
280833,9.98,2,2024-03-31,2024-04-03,2,Promotion,4.99
280904,4.99,1,2024-03-09,2024-03-09,1,Promotion,4.99
280979,29.94,6,2024-03-23,2024-04-26,4,Gold,4.99
280995,24.950000000000003,5,2024-04-07,2024-04-29,4,Promotion,4.99
281020,14.97,3,2024-04-07,2024-04-07,1,Promotion,4.99
281025,9.98,2,2024-04-16,2024-04-20,2,Gold,4.99
281035,24.96,4,2024-03-02,2024-03-15,2,Promotion,6.24
281125,44.95,5,2024-04-06,2024-05-01,3,Promotion,8.99
281128,4.99,1,2024-03-02,2024-03-02,1,Promotion,4.99
281161,4.99,1,2024-04-07,2024-04-07,1,Gold,4.99
281203,94.85000000000001,15,2024-04-19,2024-04-30,10,Promotion,6.32
281207,4.99,1,2024-03-08,2024-03-08,1,Promotion,4.99
281208,4.99,1,2024-04-06,2024-04-06,1,Promotion,4.99
281229,49.910000000000004,9,2024-03-02,2024-03-13,7,Promotion,5.55
281259,14.97,3,2024-04-03,2024-04-03,1,Gold,4.99
281388,9.99,1,2024-04-08,2024-04-08,1,Gold,9.99
281458,4.99,1,2024-03-13,2024-03-13,1,Promotion,4.99
281460,49.900000000000006,10,2024-03-07,2024-04-09,8,Promotion,4.99
281491,19.96,4,2024-03-16,2024-03-19,3,Promotion,4.99
281517,19.96,4,2024-03-17,2024-03-29,3,Promotion,4.99
281522,4.99,1,2024-03-26,2024-03-26,1,Gold,4.99
281524,4.99,1,2024-04-21,2024-04-21,1,Promotion,4.99
281777,44.93,7,2024-04-06,2024-04-27,6,Promotion,6.42
281791,9.98,2,2024-03-10,2024-03-17,2,Gold,4.99
281818,24.950000000000003,5,2024-04-03,2024-04-30,5,Promotion,4.99
281844,4.99,1,2024-04-02,2024-04-02,1,Promotion,4.99
281888,4.99,1,2024-04-28,2024-04-28,1,Gold,4.99
281900,4.99,1,2024-03-03,2024-03-03,1,Remove Ads,4.99
281965,4.99,5,2024-04-07,2024-04-28,5,Remove Ads,1.0
282016,4.99,1,2024-03-31,2024-03-31,1,Promotion,4.99
282124,19.96,4,2024-03-18,2024-03-19,2,Gold,4.99
282126,9.98,2,2024-04-12,2024-04-12,1,Promotion,4.99
282135,4.99,1,2024-03-09,2024-03-09,1,Promotion,4.99
282217,19.96,4,2024-03-05,2024-04-02,4,Promotion,4.99
282222,4.99,1,2024-03-31,2024-03-31,1,Promotion,4.99
282255,14.97,3,2024-03-22,2024-05-01,3,Gold,4.99
282287,9.98,2,2024-04-23,2024-04-30,2,Promotion,4.99
282292,9.98,2,2024-04-03,2024-04-03,1,Gold,4.99
282336,44.910000000000004,9,2024-03-05,2024-04-30,9,Remove Ads,4.99
282351,4.99,1,2024-03-23,2024-03-23,1,Gold,4.99
282355,14.97,3,2024-04-21,2024-04-27,2,Gold,4.99
282372,4.99,1,2024-04-04,2024-04-04,1,Promotion,4.99
282377,9.98,2,2024-03-01,2024-03-02,2,Promotion,4.99
282387,181.75,25,2024-03-02,2024-04-30,15,Promotion,7.27
282396,54.94,6,2024-03-05,2024-04-01,2,Gold,9.16
282406,14.98,2,2024-03-03,2024-04-20,2,Gold,7.49
282528,4.99,1,2024-04-24,2024-04-24,1,Promotion,4.99
282634,9.99,1,2024-04-23,2024-04-23,1,Promotion,9.99
282668,4.99,1,2024-04-09,2024-04-09,1,Promotion,4.99
282726,4.99,1,2024-03-29,2024-03-29,1,Promotion,4.99
282761,14.97,3,2024-03-28,2024-05-01,3,Promotion,4.99
282775,34.95,5,2024-04-11,2024-04-13,3,Promotion,6.99
282784,4.99,1,2024-03-09,2024-03-09,1,Gold,4.99
282798,758.48,152,2024-03-28,2024-04-21,11,Gold,4.99
282812,9.99,1,2024-03-15,2024-03-15,1,Promotion,9.99
282824,19.96,4,2024-04-02,2024-05-01,2,Promotion,4.99
282826,9.98,2,2024-03-15,2024-03-16,2,Gold,4.99
282881,34.95,5,2024-03-04,2024-03-11,3,Promotion,6.99
282903,4.99,1,2024-03-04,2024-03-04,1,Gold,4.99
282914,9.98,2,2024-04-22,2024-04-24,2,Gold,4.99
282946,4.99,1,2024-03-11,2024-03-11,1,Promotion,4.99
282978,4.99,1,2024-03-20,2024-03-20,1,Promotion,4.99
282987,19.96,4,2024-03-01,2024-03-23,4,Gold,4.99
282996,9.99,1,2024-04-01,2024-04-01,1,Gold,9.99
283035,4.99,1,2024-03-05,2024-03-05,1,Promotion,4.99
283072,9.98,2,2024-04-12,2024-04-15,2,Gold,4.99
283181,4.99,1,2024-03-11,2024-03-11,1,Promotion,4.99
283220,169.68,32,2024-03-24,2024-04-14,12,Gold,5.3
283260,4.99,1,2024-03-03,2024-03-03,1,Promotion,4.99
283279,29.97,3,2024-03-31,2024-04-03,2,Gold,9.99
283292,14.97,3,2024-03-03,2024-03-07,3,Promotion,4.99
283298,4.99,1,2024-04-25,2024-04-25,1,Gold,4.99
283317,9.98,2,2024-03-02,2024-03-03,2,Promotion,4.99
283372,94.87,13,2024-03-01,2024-05-01,11,Remove Ads,7.3
283377,19.96,4,2024-03-14,2024-04-28,3,Promotion,4.99
283448,4.99,1,2024-03-04,2024-03-04,1,Promotion,4.99
283454,24.97,3,2024-03-21,2024-03-23,2,Gold,8.32
283552,4.99,1,2024-03-10,2024-03-10,1,Promotion,4.99
283570,4.99,1,2024-03-16,2024-03-16,1,Promotion,4.99
283573,4.99,1,2024-04-22,2024-04-22,1,Promotion,4.99
283603,19.96,4,2024-04-20,2024-04-25,4,Gold,4.99
283618,4.99,1,2024-03-06,2024-03-06,1,Promotion,4.99
283637,44.910000000000004,9,2024-03-01,2024-04-25,9,Remove Ads,4.99
283644,9.98,2,2024-03-05,2024-03-05,1,Gold,4.99
283654,4.99,1,2024-04-16,2024-04-16,1,Gold,4.99
283783,14.98,2,2024-04-05,2024-04-06,2,Gold,7.49
283832,4.99,1,2024-03-20,2024-03-20,1,Promotion,4.99
283856,4.99,1,2024-03-31,2024-03-31,1,Gold,4.99
283889,9.98,2,2024-03-04,2024-03-04,1,Gold,4.99
283890,14.97,3,2024-03-21,2024-04-13,3,Promotion,4.99
283901,14.97,3,2024-03-04,2024-03-04,1,Gold,4.99
283924,24.950000000000003,5,2024-04-03,2024-04-28,5,Remove Ads,4.99
283964,9.98,2,2024-03-24,2024-03-24,1,Promotion,4.99
283977,4.99,1,2024-04-24,2024-04-24,1,Gold,4.99
284035,14.97,3,2024-04-11,2024-04-23,3,Gold,4.99
284040,4.99,1,2024-04-01,2024-04-01,1,Promotion,4.99
284049,9.98,2,2024-04-11,2024-04-11,1,Gold,4.99
284066,4.99,1,2024-04-25,2024-04-25,1,Promotion,4.99
284070,4.99,1,2024-03-09,2024-03-09,1,Promotion,4.99
284094,4.99,1,2024-04-29,2024-04-29,1,Gold,4.99
284330,19.96,4,2024-03-14,2024-03-21,2,Gold,4.99
284337,4.99,1,2024-03-01,2024-03-01,1,Gold,4.99
284406,19.96,4,2024-04-04,2024-04-10,3,Promotion,4.99
284519,14.97,3,2024-03-01,2024-03-01,1,Gold,4.99
284559,4.99,1,2024-03-14,2024-03-14,1,Gold,4.99
284622,154.70000000000002,30,2024-04-04,2024-04-26,13,Gold,5.16
284654,29.950000000000003,5,2024-03-11,2024-03-26,5,Gold,5.99
284659,69.87,13,2024-03-10,2024-04-30,11,Promotion,5.37
284665,59.89,11,2024-03-31,2024-04-30,10,Promotion,5.44
284707,314.63,37,2024-03-02,2024-04-27,23,Gold,8.5
284768,14.97,3,2024-03-19,2024-04-18,2,Promotion,4.99
284769,4.99,1,2024-03-26,2024-03-26,1,Promotion,4.99
284776,4.99,1,2024-04-02,2024-04-02,1,Promotion,4.99
284792,19.96,4,2024-04-07,2024-04-23,4,Gold,4.99
284800,9.98,2,2024-03-31,2024-03-31,1,Promotion,4.99
284843,9.99,2,2024-04-18,2024-04-18,1,Gold,5.0
284891,109.78,22,2024-03-15,2024-04-06,12,Gold,4.99
284965,4.99,1,2024-03-09,2024-03-09,1,Remove Ads,4.99
285071,69.89,11,2024-03-12,2024-04-24,5,Promotion,6.35
285118,4.99,1,2024-04-15,2024-04-15,1,Promotion,4.99
285209,4.99,1,2024-03-15,2024-03-15,1,Gold,4.99
285210,59.94,6,2024-04-22,2024-04-29,4,Gold,9.99
285211,4.99,1,2024-03-23,2024-03-23,1,Promotion,4.99
285236,29.96,4,2024-03-05,2024-03-06,2,Promotion,7.49
285249,29.96,4,2024-03-01,2024-03-06,3,Gold,7.49
285274,4.99,3,2024-04-08,2024-04-25,3,Remove Ads,1.66
285493,4.99,1,2024-04-06,2024-04-06,1,Promotion,4.99
285497,14.97,3,2024-04-13,2024-04-30,3,Gold,4.99
285607,4.99,1,2024-04-05,2024-04-05,1,Gold,4.99
285634,49.97,3,2024-04-05,2024-04-08,2,Gold,16.66
285656,24.96,4,2024-03-01,2024-03-16,4,Promotion,6.24
285671,49.900000000000006,10,2024-04-01,2024-04-25,6,Gold,4.99
285706,4.99,1,2024-03-16,2024-03-16,1,Promotion,4.99
285786,4.99,1,2024-03-14,2024-03-14,1,Promotion,4.99
285810,9.98,2,2024-04-04,2024-04-06,2,Gold,4.99
285825,14.97,3,2024-03-16,2024-03-18,2,Promotion,4.99
285934,9.98,2,2024-03-20,2024-04-16,2,Gold,4.99
285979,34.94,6,2024-03-02,2024-04-30,6,Gold,5.82
286020,24.950000000000003,5,2024-03-12,2024-03-14,3,Gold,4.99
286058,4.99,1,2024-03-14,2024-03-14,1,Promotion,4.99
286087,14.97,3,2024-03-08,2024-03-09,2,Promotion,4.99
286095,4.99,1,2024-03-31,2024-03-31,1,Promotion,4.99
286099,19.96,4,2024-03-17,2024-03-24,2,Promotion,4.99
286194,9.98,2,2024-04-08,2024-04-22,2,Gold,4.99
286241,9.98,2,2024-03-10,2024-03-13,2,Gold,4.99
286253,54.900000000000006,10,2024-03-25,2024-04-05,7,Promotion,5.49
286297,19.97,3,2024-03-04,2024-03-13,2,Promotion,6.66
286306,9.98,2,2024-03-06,2024-03-14,2,Gold,4.99
286339,9.98,2,2024-03-03,2024-03-03,1,Gold,4.99
286398,49.910000000000004,9,2024-03-01,2024-03-12,7,Promotion,5.55
286414,29.94,6,2024-03-16,2024-04-02,2,Gold,4.99
286477,19.96,4,2024-03-10,2024-04-17,4,Promotion,4.99
286516,4.99,1,2024-04-20,2024-04-20,1,Gold,4.99
286542,4.99,1,2024-04-23,2024-04-23,1,Promotion,4.99
286688,9.98,2,2024-04-16,2024-04-27,2,Promotion,4.99
286694,14.97,3,2024-03-14,2024-03-15,2,Gold,4.99
286804,4.99,1,2024-04-15,2024-04-15,1,Promotion,4.99
286911,14.97,3,2024-03-20,2024-03-22,3,Promotion,4.99
286965,19.96,4,2024-04-05,2024-04-05,1,Gold,4.99
286972,4.99,1,2024-03-12,2024-03-12,1,Gold,4.99
286978,29.94,6,2024-03-23,2024-04-11,5,Gold,4.99
287025,4.99,1,2024-03-13,2024-03-13,1,Promotion,4.99
287037,149.81,19,2024-03-02,2024-05-01,12,Gold,7.88
287049,4.99,1,2024-03-26,2024-03-26,1,Promotion,4.99
287053,4.99,1,2024-04-09,2024-04-09,1,Promotion,4.99
287110,34.95,5,2024-03-29,2024-04-07,4,Promotion,6.99
287113,19.96,4,2024-03-02,2024-03-06,3,Gold,4.99
287139,14.97,3,2024-04-13,2024-04-27,3,Remove Ads,4.99
287141,4.99,1,2024-04-09,2024-04-09,1,Promotion,4.99
287149,9.98,2,2024-03-05,2024-03-06,2,Gold,4.99
287239,4.99,1,2024-03-26,2024-03-26,1,Promotion,4.99
287249,89.87,13,2024-03-20,2024-04-27,8,Gold,6.91
287308,4.99,1,2024-04-01,2024-04-01,1,Promotion,4.99
287315,44.94,6,2024-03-19,2024-04-15,6,Promotion,7.49
287361,49.93,7,2024-04-04,2024-04-29,5,Remove Ads,7.13
287377,4.99,1,2024-03-02,2024-03-02,1,Promotion,4.99
287427,49.900000000000006,10,2024-03-01,2024-04-25,9,Remove Ads,4.99
287475,14.97,3,2024-03-16,2024-04-09,3,Promotion,4.99
287490,4.99,1,2024-04-03,2024-04-03,1,Gold,4.99
287578,14.97,3,2024-03-12,2024-03-19,3,Gold,4.99
287596,94.83,17,2024-03-05,2024-04-29,12,Promotion,5.58
287597,4.99,1,2024-03-16,2024-03-16,1,Promotion,4.99
287608,29.950000000000003,5,2024-03-24,2024-04-23,4,Promotion,5.99
287618,4.99,1,2024-03-19,2024-03-19,1,Promotion,4.99
287673,4.99,1,2024-04-22,2024-04-22,1,Promotion,4.99
287708,19.96,4,2024-03-18,2024-03-28,3,Gold,4.99
287798,4.99,1,2024-03-16,2024-03-16,1,Gold,4.99
287956,4.99,1,2024-03-16,2024-03-16,1,Promotion,4.99
287976,4.99,1,2024-04-28,2024-04-28,1,Gold,4.99
288057,4.99,1,2024-04-18,2024-04-18,1,Promotion,4.99
288174,4.99,1,2024-04-13,2024-04-13,1,Promotion,4.99
288177,14.98,2,2024-04-17,2024-04-23,2,Gold,7.49
288203,64.91,9,2024-04-17,2024-04-30,7,Promotion,7.21
288242,4.99,1,2024-03-07,2024-03-07,1,Gold,4.99
288302,9.98,2,2024-03-30,2024-04-06,2,Promotion,4.99
288307,34.94,6,2024-03-31,2024-04-20,4,Promotion,5.82
288359,9.98,2,2024-04-03,2024-04-03,1,Promotion,4.99
288371,49.900000000000006,10,2024-03-23,2024-04-30,10,Remove Ads,4.99
288398,4.99,1,2024-03-26,2024-03-26,1,Gold,4.99
288404,4.99,1,2024-04-01,2024-04-01,1,Promotion,4.99
288447,4.99,1,2024-04-05,2024-04-05,1,Gold,4.99
288480,29.94,6,2024-03-02,2024-03-13,3,Gold,4.99
288492,119.83,17,2024-03-02,2024-04-18,10,Gold,7.05
288509,14.97,4,2024-04-14,2024-04-18,2,Gold,3.74
288550,4.99,1,2024-03-17,2024-03-17,1,Promotion,4.99
288577,29.96,4,2024-03-02,2024-04-23,4,Gold,7.49
288604,9.98,2,2024-03-10,2024-03-10,1,Gold,4.99
288605,19.96,4,2024-03-06,2024-03-07,2,Gold,4.99
288630,4.99,1,2024-04-13,2024-04-13,1,Gold,4.99
288640,4.99,1,2024-03-04,2024-03-04,1,Gold,4.99
288709,39.95,5,2024-04-14,2024-04-18,3,Promotion,7.99
288815,19.96,4,2024-03-28,2024-04-15,4,Remove Ads,4.99
288827,29.94,6,2024-03-17,2024-03-29,3,Gold,4.99
288833,4.99,1,2024-03-04,2024-03-04,1,Gold,4.99
288847,9.98,2,2024-03-10,2024-03-17,2,Remove Ads,4.99
288936,139.83,17,2024-04-09,2024-04-28,7,Gold,8.23
288951,4.99,1,2024-03-23,2024-03-23,1,Promotion,4.99
288969,4.99,1,2024-03-02,2024-03-02,1,Promotion,4.99
288987,4.99,1,2024-04-08,2024-04-08,1,Promotion,4.99
289113,4.99,1,2024-03-10,2024-03-10,1,Promotion,4.99
289115,29.94,6,2024-03-02,2024-03-07,2,Gold,4.99
289116,4.99,1,2024-03-30,2024-03-30,1,Promotion,4.99
289138,9.98,2,2024-04-04,2024-04-06,2,Promotion,4.99
289161,29.99,1,2024-03-15,2024-03-15,1,Gold,29.99
289186,14.98,2,2024-04-22,2024-04-22,1,Gold,7.49
289279,9.98,2,2024-03-06,2024-03-09,2,Promotion,4.99
289301,9.98,2,2024-03-23,2024-03-24,2,Gold,4.99
289351,14.97,3,2024-03-12,2024-04-01,3,Promotion,4.99
289392,29.96,4,2024-03-11,2024-03-27,3,Gold,7.49
289456,4.99,1,2024-04-09,2024-04-09,1,Promotion,4.99
289479,24.96,4,2024-03-05,2024-04-30,3,Promotion,6.24
289512,4.99,1,2024-04-04,2024-04-04,1,Promotion,4.99
289575,9.98,2,2024-04-09,2024-04-16,2,Remove Ads,4.99
289643,9.98,2,2024-04-17,2024-04-23,2,Promotion,4.99
289762,4.99,1,2024-03-19,2024-03-19,1,Promotion,4.99
289810,9.98,2,2024-03-28,2024-03-28,1,Promotion,4.99
289867,104.80000000000001,20,2024-04-25,2024-05-01,4,Gold,5.24
289886,4.99,1,2024-03-19,2024-03-19,1,Gold,4.99
289888,4.99,1,2024-03-07,2024-03-07,1,Remove Ads,4.99
289914,4.99,1,2024-03-14,2024-03-14,1,Promotion,4.99
289936,4.99,1,2024-03-05,2024-03-05,1,Gold,4.99
290017,4.99,1,2024-04-11,2024-04-11,1,Promotion,4.99
290031,9.98,2,2024-04-09,2024-04-13,2,Promotion,4.99
290079,4.99,1,2024-03-15,2024-03-15,1,Promotion,4.99
290159,4.99,1,2024-04-22,2024-04-22,1,Promotion,4.99
290188,19.96,4,2024-03-22,2024-03-31,3,Gold,4.99
290202,4.99,1,2024-03-19,2024-03-19,1,Promotion,4.99
290239,19.96,4,2024-03-22,2024-04-16,4,Promotion,4.99
290287,4.99,1,2024-04-17,2024-04-17,1,Remove Ads,4.99
290348,4.99,1,2024-04-07,2024-04-07,1,Promotion,4.99
290462,9.98,2,2024-04-05,2024-04-08,2,Promotion,4.99
290558,4.99,1,2024-03-06,2024-03-06,1,Gold,4.99
290561,9.98,2,2024-03-08,2024-03-08,1,Gold,4.99
290627,34.97,8,2024-03-07,2024-04-08,8,Remove Ads,4.37
290628,4.99,1,2024-03-16,2024-03-16,1,Gold,4.99
290698,173.72,28,2024-03-28,2024-04-12,13,Gold,6.2
290705,4.99,1,2024-03-14,2024-03-14,1,Promotion,4.99
290777,14.97,3,2024-03-24,2024-03-31,2,Promotion,4.99
290779,4.99,1,2024-04-11,2024-04-11,1,Remove Ads,4.99
290787,4.99,1,2024-04-20,2024-04-20,1,Gold,4.99
290861,29.94,6,2024-03-02,2024-04-28,5,Gold,4.99
290866,4.99,1,2024-03-31,2024-03-31,1,Promotion,4.99
290901,9.98,2,2024-04-05,2024-04-05,1,Gold,4.99
290916,4.99,1,2024-04-08,2024-04-08,1,Gold,4.99
290933,9.98,2,2024-04-18,2024-04-25,2,Remove Ads,4.99
290981,4.99,1,2024-03-13,2024-03-13,1,Promotion,4.99
290990,4.99,1,2024-03-03,2024-03-03,1,Remove Ads,4.99
291050,9.98,2,2024-03-06,2024-04-20,2,Promotion,4.99
291079,4.99,1,2024-03-13,2024-03-13,1,Gold,4.99
291111,4.99,1,2024-04-19,2024-04-19,1,Promotion,4.99
291208,4.99,1,2024-03-02,2024-03-02,1,Gold,4.99
291261,4.99,1,2024-03-28,2024-03-28,1,Gold,4.99
291357,9.98,2,2024-04-19,2024-04-19,1,Gold,4.99
291384,4.99,1,2024-03-23,2024-03-23,1,Promotion,4.99
291430,4.99,1,2024-04-23,2024-04-23,1,Promotion,4.99
291471,14.97,5,2024-03-01,2024-03-20,3,Gold,2.99
291514,24.950000000000003,5,2024-04-13,2024-04-30,4,Remove Ads,4.99
291518,4.99,1,2024-03-02,2024-03-02,1,Gold,4.99
291585,24.979999999999997,2,2024-03-25,2024-04-09,2,Gold,12.49
291607,9.98,2,2024-04-09,2024-04-09,1,Promotion,4.99
291792,4.99,1,2024-04-07,2024-04-07,1,Promotion,4.99
291858,19.97,3,2024-03-01,2024-03-08,2,Gold,6.66
291887,4.99,1,2024-03-10,2024-03-10,1,Promotion,4.99
291890,44.910000000000004,9,2024-03-10,2024-04-23,7,Promotion,4.99
291915,9.98,2,2024-04-22,2024-04-22,1,Promotion,4.99
291953,9.98,2,2024-03-12,2024-03-17,2,Gold,4.99
291972,9.98,2,2024-03-02,2024-03-02,1,Gold,4.99
291975,29.94,6,2024-03-17,2024-04-30,6,Gold,4.99
292039,39.93,7,2024-04-20,2024-04-24,3,Gold,5.7
292041,19.97,3,2024-03-12,2024-04-27,3,Gold,6.66
292092,19.97,3,2024-03-05,2024-03-07,3,Gold,6.66
292188,19.96,4,2024-03-30,2024-04-16,4,Remove Ads,4.99
292211,4.99,1,2024-03-05,2024-03-05,1,Remove Ads,4.99
292220,29.950000000000003,5,2024-03-01,2024-04-12,5,Remove Ads,5.99
292230,334.53000000000003,47,2024-03-11,2024-04-28,34,Promotion,7.12
292293,4.99,2,2024-03-26,2024-03-29,2,Promotion,2.5
292307,19.96,4,2024-04-21,2024-05-01,3,Remove Ads,4.99
292349,4.99,1,2024-04-08,2024-04-08,1,Gold,4.99
292414,24.950000000000003,5,2024-03-24,2024-03-27,4,Promotion,4.99
292427,4.99,1,2024-04-09,2024-04-09,1,Remove Ads,4.99
292444,14.97,3,2024-03-12,2024-03-13,2,Promotion,4.99
292453,4.99,1,2024-03-13,2024-03-13,1,Promotion,4.99
292483,4.99,1,2024-04-10,2024-04-10,1,Promotion,4.99
292524,4.99,1,2024-04-17,2024-04-17,1,Remove Ads,4.99
292546,14.97,3,2024-04-21,2024-04-25,3,Promotion,4.99
292573,9.98,2,2024-03-02,2024-03-02,1,Gold,4.99
292599,4.99,1,2024-03-10,2024-03-10,1,Promotion,4.99
292654,4.99,1,2024-04-23,2024-04-23,1,Promotion,4.99
292656,14.97,3,2024-04-02,2024-04-04,2,Gold,4.99
292701,4.99,1,2024-04-16,2024-04-16,1,Gold,4.99
292718,9.98,2,2024-03-09,2024-03-23,2,Promotion,4.99
292726,29.950000000000003,5,2024-03-26,2024-03-29,4,Promotion,5.99
292876,4.99,1,2024-03-08,2024-03-08,1,Promotion,4.99
292886,4.99,1,2024-04-11,2024-04-11,1,Promotion,4.99
292899,4.99,1,2024-03-23,2024-03-23,1,Promotion,4.99
292915,29.94,6,2024-03-10,2024-03-18,3,Gold,4.99
292918,4.99,1,2024-04-18,2024-04-18,1,Remove Ads,4.99
292919,24.950000000000003,5,2024-03-03,2024-04-28,5,Gold,4.99
292925,14.97,3,2024-03-16,2024-04-09,3,Promotion,4.99
292994,4.99,1,2024-03-11,2024-03-11,1,Promotion,4.99
293146,4.99,1,2024-04-21,2024-04-21,1,Gold,4.99
293227,4.99,1,2024-03-07,2024-03-07,1,Promotion,4.99
293310,4.99,1,2024-03-31,2024-03-31,1,Gold,4.99
293422,4.99,1,2024-03-23,2024-03-23,1,Promotion,4.99
293429,14.97,3,2024-04-04,2024-04-04,1,Gold,4.99
293431,14.97,3,2024-04-09,2024-04-26,3,Remove Ads,4.99
293480,14.97,3,2024-03-09,2024-03-13,2,Promotion,4.99
293491,14.97,3,2024-03-20,2024-03-22,2,Gold,4.99
293493,24.950000000000003,5,2024-03-31,2024-04-03,2,Gold,4.99
293654,4.99,1,2024-03-29,2024-03-29,1,Promotion,4.99
293717,9.98,2,2024-03-11,2024-04-04,2,Promotion,4.99
293732,14.97,3,2024-04-11,2024-04-19,2,Promotion,4.99
293791,4.99,1,2024-04-22,2024-04-22,1,Promotion,4.99
293903,29.94,6,2024-03-15,2024-03-19,4,Promotion,4.99
293985,4.99,1,2024-03-18,2024-03-18,1,Gold,4.99
294010,4.99,1,2024-03-26,2024-03-26,1,Promotion,4.99
294054,4.99,1,2024-04-11,2024-04-11,1,Promotion,4.99
294055,14.97,3,2024-03-17,2024-04-29,3,Remove Ads,4.99
294102,34.93,7,2024-04-16,2024-04-24,3,Promotion,4.99
294130,29.950000000000003,5,2024-04-13,2024-04-15,2,Promotion,5.99
294167,69.88,12,2024-03-06,2024-04-30,9,Promotion,5.82
294171,9.98,2,2024-04-02,2024-04-09,2,Remove Ads,4.99
294197,44.92,8,2024-04-08,2024-05-01,7,Gold,5.62
294201,34.93,7,2024-03-12,2024-03-29,5,Gold,4.99
294268,9.98,2,2024-03-08,2024-03-09,2,Gold,4.99
294333,9.98,2,2024-04-05,2024-04-05,1,Gold,4.99
294362,14.97,3,2024-03-09,2024-03-23,3,Remove Ads,4.99
294373,9.98,2,2024-03-30,2024-03-30,1,Gold,4.99
294418,4.99,1,2024-04-16,2024-04-16,1,Promotion,4.99
294459,14.97,3,2024-04-08,2024-04-12,3,Gold,4.99
294509,14.97,3,2024-03-02,2024-04-01,3,Promotion,4.99
294539,4.99,1,2024-03-11,2024-03-11,1,Gold,4.99
294587,4.99,1,2024-03-10,2024-03-10,1,Promotion,4.99
294664,4.99,1,2024-04-22,2024-04-22,1,Gold,4.99
294677,4.99,1,2024-04-12,2024-04-12,1,Promotion,4.99
294718,34.94,6,2024-04-18,2024-05-01,5,Promotion,5.82
294721,9.98,2,2024-03-17,2024-04-19,2,Gold,4.99
294723,4.99,1,2024-04-08,2024-04-08,1,Promotion,4.99
294728,9.98,2,2024-04-12,2024-04-12,1,Promotion,4.99
294783,84.87,13,2024-03-09,2024-04-11,10,Promotion,6.53
294824,4.99,1,2024-03-08,2024-03-08,1,Promotion,4.99
294832,9.98,2,2024-04-16,2024-04-18,2,Gold,4.99
294891,4.99,1,2024-04-26,2024-04-26,1,Promotion,4.99
294893,29.94,6,2024-04-01,2024-04-18,4,Gold,4.99
294903,4.99,1,2024-03-14,2024-03-14,1,Gold,4.99
294906,19.96,4,2024-04-24,2024-04-28,3,Promotion,4.99
294934,4.99,1,2024-03-13,2024-03-13,1,Promotion,4.99
294939,24.950000000000003,5,2024-03-01,2024-05-01,5,Gold,4.99
294973,24.96,4,2024-03-22,2024-04-30,2,Gold,6.24
294978,9.98,2,2024-03-02,2024-03-16,2,Promotion,4.99
294997,29.94,6,2024-03-02,2024-03-08,4,Gold,4.99
295042,4.99,1,2024-03-28,2024-03-28,1,Promotion,4.99
295078,4.99,1,2024-03-08,2024-03-08,1,Remove Ads,4.99
295094,4.99,1,2024-04-29,2024-04-29,1,Promotion,4.99
295101,4.99,1,2024-04-05,2024-04-05,1,Promotion,4.99
295120,4.99,1,2024-04-06,2024-04-06,1,Promotion,4.99
295203,119.77000000000001,23,2024-03-21,2024-04-23,14,Gold,5.21
295235,189.8,20,2024-03-03,2024-04-16,10,Gold,9.49
295290,4.99,1,2024-03-23,2024-03-23,1,Gold,4.99
295356,4.99,1,2024-04-23,2024-04-23,1,Promotion,4.99
295371,14.97,3,2024-03-24,2024-04-14,3,Gold,4.99
295391,4.99,1,2024-03-20,2024-03-20,1,Promotion,4.99
295395,4.99,1,2024-04-17,2024-04-17,1,Promotion,4.99
295416,4.99,1,2024-03-27,2024-03-27,1,Promotion,4.99
295423,49.900000000000006,10,2024-03-01,2024-05-01,10,Remove Ads,4.99
295460,139.8,20,2024-03-07,2024-04-29,17,Promotion,6.99
295509,49.94,6,2024-03-04,2024-04-11,6,Gold,8.32
295517,4.99,1,2024-03-11,2024-03-11,1,Promotion,4.99
295546,4.99,1,2024-03-08,2024-03-08,1,Promotion,4.99
295610,4.99,1,2024-03-21,2024-03-21,1,Promotion,4.99
295656,4.99,1,2024-04-02,2024-04-02,1,Promotion,4.99
295670,9.98,2,2024-04-13,2024-04-20,2,Promotion,4.99
295678,29.94,6,2024-03-01,2024-04-10,6,Promotion,4.99
295786,4.99,1,2024-04-01,2024-04-01,1,Remove Ads,4.99
295843,4.99,1,2024-04-26,2024-04-26,1,Promotion,4.99
295917,4.99,1,2024-04-19,2024-04-19,1,Promotion,4.99
295926,14.97,3,2024-03-01,2024-03-12,3,Gold,4.99
296029,9.98,2,2024-04-05,2024-04-09,2,Gold,4.99
296034,4.99,1,2024-03-02,2024-03-02,1,Promotion,4.99
296064,4.99,1,2024-03-28,2024-03-28,1,Promotion,4.99
296084,19.96,4,2024-04-23,2024-04-30,3,Promotion,4.99
296119,29.97,3,2024-03-15,2024-03-22,2,Remove Ads,9.99
296137,9.98,2,2024-04-22,2024-04-23,2,Gold,4.99
296175,4.99,1,2024-03-07,2024-03-07,1,Promotion,4.99
296177,104.79,21,2024-03-14,2024-04-26,12,Gold,4.99
296187,29.950000000000003,5,2024-03-03,2024-03-11,3,Promotion,5.99
296196,9.98,2,2024-04-04,2024-04-13,2,Promotion,4.99
296251,4.99,9,2024-03-13,2024-04-11,7,Remove Ads,0.55
296342,4.99,1,2024-03-27,2024-03-27,1,Promotion,4.99
296347,9.98,2,2024-03-24,2024-03-31,2,Remove Ads,4.99
296379,4.99,1,2024-03-02,2024-03-02,1,Promotion,4.99
296402,4.99,1,2024-03-14,2024-03-14,1,Promotion,4.99
296423,9.98,2,2024-04-09,2024-04-10,2,Gold,4.99
296430,34.93,8,2024-03-05,2024-03-18,7,Promotion,4.37
296476,4.99,1,2024-03-16,2024-03-16,1,Promotion,4.99
296504,4.99,1,2024-03-16,2024-03-16,1,Promotion,4.99
296536,39.92,8,2024-03-02,2024-03-12,4,Gold,4.99
296591,4.99,2,2024-03-29,2024-04-08,2,Gold,2.5
296609,24.950000000000003,5,2024-03-14,2024-03-21,4,Gold,4.99
296637,4.99,1,2024-03-28,2024-03-28,1,Promotion,4.99
296655,9.98,2,2024-03-12,2024-03-15,2,Gold,4.99
296678,4.99,1,2024-03-21,2024-03-21,1,Promotion,4.99
296725,4.99,1,2024-03-26,2024-03-26,1,Promotion,4.99
296747,4.99,1,2024-03-21,2024-03-21,1,Gold,4.99
296840,29.94,6,2024-03-02,2024-04-06,4,Remove Ads,4.99
296859,74.95,5,2024-04-18,2024-04-23,2,Gold,14.99
296931,4.99,1,2024-03-10,2024-03-10,1,Gold,4.99
297133,9.98,2,2024-03-10,2024-03-21,2,Promotion,4.99
297157,14.97,3,2024-04-19,2024-04-25,3,Promotion,4.99
297165,14.97,4,2024-03-29,2024-04-02,3,Gold,3.74
297195,49.92,8,2024-03-31,2024-04-30,6,Promotion,6.24
297206,34.93,7,2024-03-18,2024-03-21,3,Gold,4.99
297246,9.98,2,2024-03-08,2024-03-08,1,Gold,4.99
297249,4.99,1,2024-04-02,2024-04-02,1,Promotion,4.99
297277,4.99,1,2024-04-15,2024-04-15,1,Remove Ads,4.99
297307,4.99,1,2024-04-09,2024-04-09,1,Promotion,4.99
297330,9.98,2,2024-04-11,2024-04-15,2,Promotion,4.99
297359,29.94,6,2024-03-08,2024-04-13,6,Remove Ads,4.99
297698,4.99,1,2024-03-01,2024-03-01,1,Promotion,4.99
297721,4.99,1,2024-03-14,2024-03-14,1,Gold,4.99
297763,9.98,2,2024-03-02,2024-03-26,2,Promotion,4.99
297789,4.99,1,2024-03-09,2024-03-09,1,Promotion,4.99
297847,79.86,14,2024-03-02,2024-04-19,13,Promotion,5.7
297911,39.94,6,2024-03-01,2024-03-10,3,Promotion,6.66
297953,4.99,1,2024-04-20,2024-04-20,1,Promotion,4.99
298031,19.96,4,2024-04-09,2024-04-09,1,Gold,4.99
298034,14.97,3,2024-03-31,2024-04-07,3,Gold,4.99
298047,4.99,1,2024-04-15,2024-04-15,1,Promotion,4.99
298104,24.950000000000003,5,2024-03-07,2024-03-23,5,Gold,4.99
298153,9.98,2,2024-04-16,2024-04-16,1,Promotion,4.99
298175,4.99,1,2024-04-06,2024-04-06,1,Remove Ads,4.99
298176,89.87,13,2024-03-15,2024-04-25,10,Promotion,6.91
298195,14.98,2,2024-03-04,2024-03-08,2,Gold,7.49
298222,4.99,1,2024-04-06,2024-04-06,1,Promotion,4.99
298269,4.99,1,2024-03-28,2024-03-28,1,Promotion,4.99
298284,69.86,14,2024-03-27,2024-04-28,7,Gold,4.99
298485,29.94,6,2024-04-04,2024-04-25,5,Promotion,4.99
298527,14.97,3,2024-03-16,2024-03-30,3,Remove Ads,4.99
298574,24.97,3,2024-03-21,2024-03-28,2,Gold,8.32
298596,4.99,1,2024-03-11,2024-03-11,1,Promotion,4.99
298612,9.98,2,2024-04-23,2024-04-30,2,Remove Ads,4.99
298633,14.98,2,2024-03-01,2024-03-29,2,Promotion,7.49
298658,4.99,1,2024-03-08,2024-03-08,1,Gold,4.99
298686,29.94,6,2024-03-10,2024-04-30,6,Promotion,4.99
298696,4.99,1,2024-04-23,2024-04-23,1,Promotion,4.99
298700,14.98,2,2024-03-16,2024-03-17,2,Gold,7.49
298705,4.99,1,2024-03-02,2024-03-02,1,Gold,4.99
298742,72.89,11,2024-03-22,2024-04-19,10,Promotion,6.63
298804,9.99,1,2024-04-18,2024-04-18,1,Promotion,9.99
298847,159.88,12,2024-03-10,2024-04-17,7,Promotion,13.32
298912,14.98,2,2024-03-01,2024-03-03,2,Gold,7.49
298922,14.97,3,2024-04-18,2024-04-22,2,Gold,4.99
298955,4.99,1,2024-03-20,2024-03-20,1,Gold,4.99
298962,4.99,1,2024-03-02,2024-03-02,1,Promotion,4.99
299005,4.99,1,2024-03-31,2024-03-31,1,Gold,4.99
299041,14.97,3,2024-04-07,2024-04-07,1,Gold,4.99
299106,9.98,2,2024-03-30,2024-04-06,2,Remove Ads,4.99
299147,4.99,1,2024-03-18,2024-03-18,1,Promotion,4.99
299207,29.94,6,2024-03-01,2024-03-11,2,Gold,4.99
299211,4.99,1,2024-03-24,2024-03-24,1,Promotion,4.99
299242,9.99,1,2024-04-13,2024-04-13,1,Gold,9.99
299270,194.64000000000001,36,2024-03-02,2024-05-01,27,Promotion,5.41
299281,4.99,1,2024-04-29,2024-04-29,1,Remove Ads,4.99
299285,4.99,1,2024-04-03,2024-04-03,1,Promotion,4.99
299298,19.97,3,2024-04-04,2024-04-08,3,Promotion,6.66
299302,34.94,6,2024-04-01,2024-04-05,3,Promotion,5.82
299350,4.99,1,2024-03-14,2024-03-14,1,Gold,4.99
299375,24.96,4,2024-03-26,2024-04-21,4,Promotion,6.24
299398,4.99,1,2024-04-19,2024-04-19,1,Promotion,4.99
299399,19.96,4,2024-03-19,2024-04-27,4,Gold,4.99
299427,154.74,26,2024-03-06,2024-04-28,18,Gold,5.95
299445,4.99,1,2024-03-15,2024-03-15,1,Gold,4.99
299483,29.94,6,2024-04-23,2024-04-26,3,Gold,4.99
299496,9.98,2,2024-03-25,2024-03-26,2,Promotion,4.99
299527,269.51,49,2024-03-01,2024-04-18,23,Gold,5.5
299547,4.99,1,2024-04-04,2024-04-04,1,Gold,4.99
299554,24.950000000000003,5,2024-04-03,2024-04-06,2,Promotion,4.99
299568,14.97,3,2024-03-31,2024-03-31,1,Promotion,4.99
299582,14.97,3,2024-03-19,2024-03-19,1,Promotion,4.99
299600,4.99,1,2024-03-24,2024-03-24,1,Gold,4.99
299625,164.69,31,2024-03-05,2024-03-31,18,Gold,5.31
299637,4.99,1,2024-03-26,2024-03-26,1,Promotion,4.99
299654,4.99,1,2024-04-01,2024-04-01,1,Remove Ads,4.99
299688,9.98,2,2024-04-22,2024-04-23,2,Gold,4.99
299733,4.99,1,2024-05-01,2024-05-01,1,Promotion,4.99
299786,4.99,1,2024-04-26,2024-04-26,1,Gold,4.99
299806,4.99,1,2024-04-14,2024-04-14,1,Promotion,4.99
299815,9.98,2,2024-03-16,2024-03-27,2,Gold,4.99
299830,29.950000000000003,5,2024-03-11,2024-04-30,4,Promotion,5.99
299957,19.96,4,2024-03-29,2024-04-17,3,Promotion,4.99
300029,44.92,8,2024-03-15,2024-04-24,6,Gold,5.62
300156,4.99,1,2024-03-30,2024-03-30,1,Promotion,4.99
300173,24.96,4,2024-04-20,2024-04-22,3,Promotion,6.24
300180,9.98,2,2024-03-09,2024-03-21,2,Gold,4.99
300183,84.84,16,2024-03-01,2024-04-06,10,Gold,5.3
300207,4.99,1,2024-04-22,2024-04-22,1,Promotion,4.99
300278,4.99,1,2024-03-12,2024-03-12,1,Promotion,4.99
300318,39.95,5,2024-03-29,2024-04-06,4,Gold,7.99
300349,9.98,2,2024-03-11,2024-03-11,1,Gold,4.99
300371,34.93,7,2024-03-04,2024-04-12,7,Remove Ads,4.99
300392,19.96,4,2024-03-23,2024-04-10,4,Promotion,4.99
300402,4.99,1,2024-03-22,2024-03-22,1,Promotion,4.99
300484,74.91,9,2024-03-16,2024-04-24,9,Promotion,8.32
300489,19.97,3,2024-04-02,2024-04-03,2,Promotion,6.66
300596,49.92,8,2024-03-14,2024-04-28,5,Gold,6.24
300663,19.97,3,2024-03-29,2024-03-29,1,Gold,6.66
300740,19.96,4,2024-03-17,2024-03-25,4,Promotion,4.99
300865,14.97,3,2024-03-02,2024-03-02,1,Promotion,4.99
300884,4.99,1,2024-04-20,2024-04-20,1,Promotion,4.99
300924,54.910000000000004,9,2024-03-27,2024-04-13,7,Promotion,6.1
300934,4.99,1,2024-04-20,2024-04-20,1,Gold,4.99
301081,4.99,1,2024-04-01,2024-04-01,1,Promotion,4.99
301095,9.98,2,2024-03-20,2024-03-22,2,Promotion,4.99
301120,69.94,6,2024-04-10,2024-04-19,3,Gold,11.66
301132,54.89,11,2024-03-07,2024-03-08,2,Gold,4.99
301223,14.97,3,2024-04-04,2024-04-04,1,Promotion,4.99
301239,19.96,4,2024-03-29,2024-04-02,3,Gold,4.99
301285,9.98,2,2024-04-03,2024-04-04,2,Promotion,4.99
301321,4.99,1,2024-04-06,2024-04-06,1,Gold,4.99
301345,4.99,1,2024-03-01,2024-03-01,1,Gold,4.99
301353,4.99,1,2024-04-18,2024-04-18,1,Gold,4.99
301356,129.79,21,2024-03-01,2024-05-01,15,Remove Ads,6.18
301365,14.97,4,2024-03-31,2024-04-14,4,Remove Ads,3.74
301426,4.99,1,2024-04-15,2024-04-15,1,Gold,4.99
301461,19.96,4,2024-03-06,2024-04-02,3,Promotion,4.99
301525,44.910000000000004,9,2024-04-03,2024-04-17,5,Gold,4.99
301536,9.99,1,2024-03-03,2024-03-03,1,Promotion,9.99
301600,19.96,6,2024-04-10,2024-04-23,5,Gold,3.33
301668,9.98,2,2024-03-27,2024-03-29,2,Gold,4.99
301698,14.97,3,2024-04-08,2024-04-08,1,Gold,4.99
301700,4.99,1,2024-04-10,2024-04-10,1,Promotion,4.99
301704,39.92,8,2024-03-11,2024-04-30,6,Promotion,4.99
301739,4.99,1,2024-04-12,2024-04-12,1,Promotion,4.99
301743,29.94,6,2024-03-24,2024-04-27,5,Gold,4.99
301753,24.96,4,2024-03-30,2024-04-09,4,Promotion,6.24
301791,14.97,3,2024-04-20,2024-04-27,3,Gold,4.99
301805,54.910000000000004,9,2024-03-13,2024-04-19,5,Gold,6.1
301814,4.99,1,2024-03-03,2024-03-03,1,Gold,4.99
301833,9.98,2,2024-04-02,2024-04-02,1,Gold,4.99
301910,19.96,4,2024-03-28,2024-03-28,1,Gold,4.99
301939,9.98,2,2024-04-10,2024-04-16,2,Gold,4.99
301943,4.99,1,2024-03-17,2024-03-17,1,Gold,4.99
302027,4.99,1,2024-04-25,2024-04-25,1,Promotion,4.99
302039,24.950000000000003,5,2024-04-01,2024-04-24,5,Promotion,4.99
302044,4.99,1,2024-04-19,2024-04-19,1,Promotion,4.99
302098,4.99,2,2024-03-22,2024-04-16,2,Gold,2.5
302216,9.98,2,2024-03-21,2024-03-25,2,Gold,4.99
302245,19.97,3,2024-04-20,2024-04-21,2,Promotion,6.66
302254,44.910000000000004,9,2024-03-07,2024-04-24,8,Gold,4.99
302255,4.99,1,2024-04-21,2024-04-21,1,Promotion,4.99
302260,4.99,1,2024-04-20,2024-04-20,1,Promotion,4.99
302261,9.98,2,2024-04-17,2024-04-21,2,Promotion,4.99
302270,9.98,2,2024-04-09,2024-04-09,1,Gold,4.99
302291,4.99,2,2024-03-21,2024-03-21,1,Gold,2.5
302308,19.96,4,2024-03-06,2024-03-23,4,Promotion,4.99
302320,4.99,1,2024-03-13,2024-03-13,1,Gold,4.99
302340,14.97,3,2024-03-25,2024-03-30,2,Promotion,4.99
302415,9.98,6,2024-03-16,2024-04-16,6,Remove Ads,1.66
302483,44.92,8,2024-03-20,2024-05-01,8,Remove Ads,5.62
302491,4.99,1,2024-04-17,2024-04-17,1,Gold,4.99
302558,4.99,1,2024-03-09,2024-03-09,1,Gold,4.99
302598,59.88,12,2024-04-13,2024-05-01,9,Gold,4.99
302610,9.98,2,2024-03-12,2024-03-13,2,Promotion,4.99
302625,14.97,3,2024-04-15,2024-04-25,3,Remove Ads,4.99
302668,4.99,1,2024-03-21,2024-03-21,1,Promotion,4.99
302710,4.99,1,2024-03-17,2024-03-17,1,Gold,4.99
302714,29.94,6,2024-03-02,2024-03-03,2,Gold,4.99
302720,39.92,8,2024-03-08,2024-04-26,8,Remove Ads,4.99
302740,14.97,3,2024-04-04,2024-04-14,2,Promotion,4.99
302824,24.950000000000003,5,2024-03-17,2024-04-11,4,Gold,4.99
302906,54.89,11,2024-03-02,2024-04-29,11,Remove Ads,4.99
302995,4.99,1,2024-03-03,2024-03-03,1,Promotion,4.99
303091,4.99,1,2024-03-19,2024-03-19,1,Gold,4.99
303111,4.99,1,2024-04-15,2024-04-15,1,Promotion,4.99
303124,4.99,1,2024-03-30,2024-03-30,1,Promotion,4.99
303150,84.83,17,2024-03-12,2024-05-01,16,Promotion,4.99
303185,4.99,1,2024-03-02,2024-03-02,1,Promotion,4.99
303256,9.98,2,2024-04-22,2024-04-30,2,Gold,4.99
303273,24.950000000000003,5,2024-03-30,2024-03-30,1,Gold,4.99
303279,9.98,2,2024-04-19,2024-04-19,1,Promotion,4.99
303302,4.99,1,2024-04-05,2024-04-05,1,Promotion,4.99
303304,29.94,6,2024-03-01,2024-05-01,6,Remove Ads,4.99
303355,19.97,3,2024-03-23,2024-03-30,2,Gold,6.66
303373,14.97,3,2024-03-26,2024-03-26,1,Gold,4.99
303477,99.92,8,2024-03-28,2024-04-14,5,Gold,12.49
303509,9.98,2,2024-04-24,2024-05-01,2,Remove Ads,4.99
303571,9.98,2,2024-04-05,2024-04-05,1,Gold,4.99
303594,4.99,1,2024-04-04,2024-04-04,1,Gold,4.99
303636,4.99,1,2024-04-30,2024-04-30,1,Gold,4.99
303637,9.98,2,2024-04-07,2024-04-27,2,Gold,4.99
303646,9.98,2,2024-03-04,2024-03-07,2,Gold,4.99
303692,34.94,6,2024-04-05,2024-04-13,3,Gold,5.82
303723,4.99,1,2024-03-04,2024-03-04,1,Gold,4.99
303793,4.99,1,2024-03-19,2024-03-19,1,Promotion,4.99
303822,4.99,1,2024-04-08,2024-04-08,1,Promotion,4.99
303823,44.910000000000004,9,2024-03-16,2024-04-29,7,Gold,4.99
303967,4.99,1,2024-04-07,2024-04-07,1,Promotion,4.99
304051,54.89,11,2024-03-04,2024-04-22,9,Remove Ads,4.99
304086,4.99,1,2024-04-09,2024-04-09,1,Promotion,4.99
304091,24.97,3,2024-03-28,2024-04-01,2,Promotion,8.32
304092,29.950000000000003,5,2024-03-18,2024-03-29,5,Promotion,5.99
304113,4.99,1,2024-04-02,2024-04-02,1,Gold,4.99
304152,39.92,8,2024-04-16,2024-04-28,5,Gold,4.99
304184,9.98,2,2024-04-08,2024-04-09,2,Gold,4.99
304190,69.88,12,2024-03-02,2024-04-30,10,Promotion,5.82
304196,19.97,3,2024-04-14,2024-04-14,1,Gold,6.66
304210,9.98,2,2024-03-29,2024-03-31,2,Gold,4.99
304230,4.99,1,2024-03-08,2024-03-08,1,Promotion,4.99
304264,14.98,2,2024-03-29,2024-04-10,2,Promotion,7.49
304317,19.96,4,2024-03-06,2024-04-09,4,Promotion,4.99
304321,9.98,2,2024-03-19,2024-03-19,1,Promotion,4.99
304334,4.99,1,2024-04-25,2024-04-25,1,Gold,4.99
304339,4.99,1,2024-04-21,2024-04-21,1,Gold,4.99
304347,19.97,3,2024-04-01,2024-04-11,3,Gold,6.66
304355,29.94,6,2024-03-02,2024-04-13,5,Gold,4.99
304386,44.92,8,2024-04-19,2024-04-26,3,Gold,5.62
304459,4.99,1,2024-03-07,2024-03-07,1,Gold,4.99
304466,4.99,1,2024-04-24,2024-04-24,1,Promotion,4.99
304494,4.99,1,2024-04-23,2024-04-23,1,Promotion,4.99
304496,4.99,1,2024-03-04,2024-03-04,1,Promotion,4.99
304552,109.84,16,2024-04-07,2024-04-20,8,Promotion,6.86
304553,4.99,1,2024-03-19,2024-03-19,1,Promotion,4.99
304577,4.99,1,2024-03-16,2024-03-16,1,Promotion,4.99
304606,74.9,10,2024-03-12,2024-03-27,6,Gold,7.49
304653,9.98,2,2024-03-05,2024-04-02,2,Promotion,4.99
304657,4.99,1,2024-04-22,2024-04-22,1,Promotion,4.99
304726,19.97,3,2024-04-19,2024-04-27,2,Gold,6.66
304727,14.98,2,2024-03-04,2024-03-05,2,Gold,7.49
304831,39.93,7,2024-03-11,2024-03-15,3,Gold,5.7
304865,104.82000000000001,22,2024-03-02,2024-04-30,16,Remove Ads,4.76
304899,9.98,2,2024-03-29,2024-04-04,2,Gold,4.99
304932,29.94,6,2024-03-22,2024-04-13,4,Promotion,4.99
304936,24.950000000000003,5,2024-04-14,2024-04-19,3,Gold,4.99
304940,4.99,1,2024-04-02,2024-04-02,1,Promotion,4.99
304950,4.99,1,2024-04-11,2024-04-11,1,Promotion,4.99
304987,74.86,14,2024-03-01,2024-04-07,9,Promotion,5.35
304992,4.99,1,2024-04-13,2024-04-13,1,Remove Ads,4.99
305028,19.96,4,2024-04-06,2024-04-10,3,Gold,4.99
305029,4.99,1,2024-03-02,2024-03-02,1,Gold,4.99
305031,14.97,3,2024-03-03,2024-04-04,3,Promotion,4.99
305044,9.98,2,2024-03-29,2024-04-01,2,Promotion,4.99
305048,194.76,24,2024-03-23,2024-04-26,17,Promotion,8.12
305084,14.97,3,2024-03-06,2024-03-08,2,Promotion,4.99
305226,14.97,3,2024-03-03,2024-03-13,2,Promotion,4.99
305258,4.99,1,2024-03-07,2024-03-07,1,Promotion,4.99
305348,74.89,11,2024-03-29,2024-04-30,7,Promotion,6.81
305373,4.99,1,2024-03-29,2024-03-29,1,Promotion,4.99
305412,4.99,1,2024-05-01,2024-05-01,1,Promotion,4.99
305461,14.97,3,2024-03-26,2024-03-30,2,Gold,4.99
305473,9.98,2,2024-03-03,2024-03-05,2,Promotion,4.99
305474,19.97,3,2024-04-06,2024-04-11,2,Promotion,6.66
305483,14.97,3,2024-04-15,2024-04-15,1,Gold,4.99
305489,9.98,2,2024-04-03,2024-04-05,2,Gold,4.99
305508,9.98,2,2024-03-30,2024-04-08,2,Gold,4.99
305509,59.89,11,2024-04-01,2024-04-24,10,Promotion,5.44
305562,4.99,1,2024-04-19,2024-04-19,1,Remove Ads,4.99
305582,4.99,1,2024-03-30,2024-03-30,1,Promotion,4.99
305651,29.950000000000003,5,2024-03-21,2024-04-02,3,Gold,5.99
305720,14.98,2,2024-03-07,2024-03-08,2,Gold,7.49
305746,14.97,3,2024-03-10,2024-03-16,2,Promotion,4.99
305747,9.98,2,2024-04-23,2024-04-29,2,Promotion,4.99
305762,9.98,2,2024-03-04,2024-03-07,2,Promotion,4.99
305769,29.99,1,2024-04-05,2024-04-05,1,Gold,29.99
305997,4.99,1,2024-03-03,2024-03-03,1,Gold,4.99
306055,9.98,2,2024-03-25,2024-03-25,1,Promotion,4.99
306102,54.900000000000006,10,2024-03-24,2024-04-29,8,Remove Ads,5.49
306131,24.950000000000003,5,2024-03-07,2024-03-11,3,Promotion,4.99
306150,64.91,9,2024-03-07,2024-04-18,9,Promotion,7.21
306158,4.99,1,2024-05-01,2024-05-01,1,Promotion,4.99
306164,19.99,1,2024-04-29,2024-04-29,1,Gold,19.99
306197,34.93,7,2024-04-03,2024-04-08,4,Gold,4.99
306208,9.98,2,2024-03-26,2024-04-09,2,Gold,4.99
306252,4.99,1,2024-04-11,2024-04-11,1,Promotion,4.99
306255,24.96,4,2024-03-31,2024-04-27,4,Gold,6.24
306268,14.97,3,2024-04-04,2024-04-06,2,Promotion,4.99
306311,39.92,8,2024-04-02,2024-05-01,6,Remove Ads,4.99
306335,39.92,8,2024-03-25,2024-04-22,6,Promotion,4.99
306362,9.98,2,2024-03-06,2024-03-06,1,Promotion,4.99
306369,124.77000000000001,23,2024-03-09,2024-04-30,15,Remove Ads,5.42
306488,9.98,2,2024-03-05,2024-03-21,2,Remove Ads,4.99
306606,34.93,7,2024-03-02,2024-03-31,2,Gold,4.99
306611,14.97,3,2024-04-07,2024-04-11,2,Gold,4.99
306640,89.87,13,2024-03-05,2024-04-29,11,Promotion,6.91
306661,0.0,1,2024-04-26,2024-04-26,1,Remove Ads,0.0
306713,189.85,15,2024-03-07,2024-04-25,14,Remove Ads,12.66
306736,4.99,1,2024-04-11,2024-04-11,1,Promotion,4.99
306836,9.98,2,2024-04-08,2024-04-08,1,Promotion,4.99
306851,4.99,1,2024-04-01,2024-04-01,1,Gold,4.99
306890,14.97,3,2024-04-18,2024-04-25,3,Gold,4.99
306893,4.99,1,2024-03-28,2024-03-28,1,Promotion,4.99
306975,49.900000000000006,10,2024-03-04,2024-03-18,6,Gold,4.99
307000,4.99,1,2024-04-08,2024-04-08,1,Remove Ads,4.99
307005,9.98,2,2024-03-27,2024-04-02,2,Promotion,4.99
307091,19.96,4,2024-04-21,2024-04-26,4,Gold,4.99
307126,14.98,2,2024-03-20,2024-03-20,1,Gold,7.49
307310,4.99,1,2024-03-18,2024-03-18,1,Gold,4.99
307330,9.98,2,2024-03-03,2024-03-03,1,Gold,4.99
307382,34.95,5,2024-03-14,2024-03-24,3,Gold,6.99
307409,14.97,3,2024-04-22,2024-05-01,3,Remove Ads,4.99
307412,9.98,2,2024-04-16,2024-04-16,1,Promotion,4.99
307532,4.99,1,2024-04-12,2024-04-12,1,Gold,4.99
307559,144.84,16,2024-03-24,2024-04-14,6,Gold,9.05
307570,4.99,1,2024-04-25,2024-04-25,1,Gold,4.99
307612,4.99,1,2024-04-23,2024-04-23,1,Promotion,4.99
307623,79.85000000000001,15,2024-03-14,2024-04-26,10,Remove Ads,5.32
307631,24.950000000000003,5,2024-03-17,2024-03-26,5,Promotion,4.99
307693,4.99,1,2024-03-18,2024-03-18,1,Promotion,4.99
307811,19.96,4,2024-04-16,2024-04-19,2,Promotion,4.99
307825,9.98,2,2024-03-15,2024-03-22,2,Promotion,4.99
307828,4.99,1,2024-03-20,2024-03-20,1,Promotion,4.99
307838,4.99,1,2024-04-07,2024-04-07,1,Promotion,4.99
307871,4.99,1,2024-03-29,2024-03-29,1,Promotion,4.99
307903,64.87,13,2024-03-14,2024-03-22,6,Gold,4.99
307947,9.98,2,2024-03-09,2024-04-02,2,Gold,4.99
307956,4.99,1,2024-03-23,2024-03-23,1,Promotion,4.99
307958,24.950000000000003,5,2024-03-25,2024-03-25,1,Gold,4.99
307987,4.99,1,2024-03-01,2024-03-01,1,Promotion,4.99
307992,49.93,7,2024-04-11,2024-04-19,5,Promotion,7.13
308022,19.97,3,2024-03-27,2024-04-09,2,Gold,6.66
308082,9.98,2,2024-03-29,2024-04-04,2,Promotion,4.99
308152,14.97,3,2024-03-06,2024-03-10,3,Promotion,4.99
308168,9.98,2,2024-04-11,2024-04-12,2,Gold,4.99
308202,89.87,13,2024-04-10,2024-04-28,5,Gold,6.91
308217,9.98,2,2024-03-13,2024-03-14,2,Gold,4.99
308247,59.900000000000006,10,2024-03-01,2024-04-28,6,Gold,5.99
308350,29.96,4,2024-03-03,2024-03-24,3,Gold,7.49
308370,69.9,10,2024-03-07,2024-04-05,5,Gold,6.99
308425,19.96,4,2024-04-17,2024-04-23,3,Promotion,4.99
308462,9.98,2,2024-03-26,2024-03-27,2,Promotion,4.99
308519,54.93,7,2024-03-02,2024-04-14,7,Promotion,7.85
308551,59.88,12,2024-03-01,2024-03-21,7,Gold,4.99
308560,24.96,4,2024-03-14,2024-03-15,2,Promotion,6.24
308572,14.97,3,2024-03-21,2024-03-29,3,Promotion,4.99
308639,9.98,2,2024-04-20,2024-04-30,2,Promotion,4.99
308650,29.94,6,2024-03-31,2024-04-03,4,Promotion,4.99
308673,34.94,6,2024-03-21,2024-03-21,1,Gold,5.82
308696,9.98,2,2024-03-04,2024-03-12,2,Promotion,4.99
308714,4.99,1,2024-04-23,2024-04-23,1,Remove Ads,4.99
308780,9.98,2,2024-03-19,2024-03-25,2,Promotion,4.99
308786,64.88,12,2024-03-26,2024-04-30,6,Gold,5.41
308816,4.99,1,2024-03-26,2024-03-26,1,Promotion,4.99
308829,19.96,4,2024-03-12,2024-03-16,2,Gold,4.99
308839,9.98,2,2024-03-08,2024-03-08,1,Gold,4.99
308845,74.92,8,2024-03-03,2024-03-29,7,Gold,9.36
308851,19.96,4,2024-03-02,2024-04-04,3,Gold,4.99
308930,9.98,2,2024-03-12,2024-03-13,2,Gold,4.99
308949,14.97,3,2024-04-17,2024-05-01,3,Remove Ads,4.99
308970,4.99,1,2024-03-05,2024-03-05,1,Gold,4.99
309020,4.99,1,2024-03-18,2024-03-18,1,Promotion,4.99
309087,4.99,1,2024-03-16,2024-03-16,1,Promotion,4.99
309095,14.97,3,2024-03-09,2024-03-20,3,Promotion,4.99
309175,4.99,1,2024-03-24,2024-03-24,1,Promotion,4.99
309187,39.92,8,2024-03-13,2024-05-01,8,Remove Ads,4.99
309213,174.77,23,2024-03-26,2024-05-01,15,Promotion,7.6
309220,64.88,12,2024-03-10,2024-04-27,11,Remove Ads,5.41
309232,14.97,3,2024-03-08,2024-04-02,2,Gold,4.99
309279,4.99,1,2024-04-02,2024-04-02,1,Promotion,4.99
309320,4.99,1,2024-04-12,2024-04-12,1,Gold,4.99
309395,29.94,6,2024-03-20,2024-03-27,5,Promotion,4.99
